photos,comments,likes,text
"[{""cdn"":""upyun"",""filename"":""7c2fd0.jpg"",""url"":""http://bmob-cdn-24905.b0.upaiyun.com/2019/05/21/bfeedaa3408340c48018a8eecbab4c44.jpg""}]",[],,ä»Šå¤©å’Œå¤§å®¶ä¸€èµ·é‡å›æ³³æ± ï¼Œå¸Œæœ›å¤§å®¶åœ¨ä¹‹åçš„æ¸¸æ³³ã€é“ä¸‰æ¯”èµ›ä¸­å–å¾—å¥½æˆç»©ï¼
"[{""cdn"":""upyun"",""filename"":""7c2fd0.jpg"",""url"":""http://bmob-cdn-24905.b0.upaiyun.com/2019/05/21/bfeedaa3408340c48018a8eecbab4c44.jpg""}]",[],,ä»Šå¤©å’Œå¤§å®¶ä¸€èµ·é‡å›æ³³æ± ï¼Œå¸Œæœ›å¤§å®¶åœ¨ä¹‹åçš„æ¸¸æ³³ã€é“ä¸‰æ¯”èµ›ä¸­å–å¾—å¥½æˆç»©ï¼
[],[],,æ¸¸èµ·ä¾†ï¼
"[{""cdn"":""upyun"",""filename"":""dba1bf.jpg"",""url"":""http://bmob-cdn-24905.b0.upaiyun.com/2019/05/21/3647c80b4062b4a7809541597ba1ab0c.jpg""}]",[],,æ€ä¹ˆè¿™ä¹ˆç¾ï¼Ÿè¿«ä¸åŠå¾…ç©¿ä¸Šå»æ¸¸æ³³
"[{""cdn"":""upyun"",""filename"":""7c49f5.jpg"",""url"":""http://bmob-cdn-24905.b0.upaiyun.com/2019/05/21/62fef18440db7d67800c0afa92764c6e.jpg""}]",[],,æ¸¸æ³³å°±æ˜¯è¿™ä¹ˆå¼€å¿ƒ!
"[{""cdn"":""upyun"",""filename"":""fc1c79.jpg"",""url"":""http://bmob-cdn-24905.b0.upaiyun.com/2019/05/27/41c16085408d6b8a805d2e79544f5bea.jpg""}]",[],[],Nabaiji æ¸¸ä½ æ›´ç²¾å½©
"[{""cdn"":""upyun"",""filename"":""545ac3.jpg"",""url"":""http://bmob-cdn-24905.b0.upaiyun.com/2019/05/27/014033954006d1f88086f9355fc30214.jpg""}]",[],[],CMçš„ä¸€å¤©ğŸ˜…
"[{""cdn"":""upyun"",""filename"":""0169ea.jpg"",""url"":""http://bmob-cdn-24905.b0.upaiyun.com/2019/05/30/938f130b4073548d80fcf43dc194d86a.jpg""}]",[],[],go!go!go!
"[{""cdn"":""upyun"",""filename"":""a19d37.jpg"",""url"":""http://bmob-cdn-24905.b0.upaiyun.com/2019/06/04/d31a76a8406195378012b5b0a2a1c6ed.jpg""}]",[],[],éšæ„é…å›¾çš„æ¸¸æ³³å¡ğŸ˜‚
"[{""cdn"":""upyun"",""filename"":""e75f23.jpg"",""url"":""http://bmob-cdn-24905.b0.upaiyun.com/2019/06/04/7562e144401ba56280ee56d1442c59cf.jpg""}]",[],[],å­©å­ä»¬ã€‚å—¨èµ·æ¥
[],[],[],
"[{""cdn"":""upyun"",""filename"":""d2ffa6.jpg"",""url"":""http://bmob-cdn-24905.b0.upaiyun.com/2019/06/04/6d64656e4094d73b808effead25fd1cb.jpg""}]",[],[],ææ•™ç»ƒæ²¿å²¸æ•™å­¦(ææ•™ç»ƒçš„å‰ªåˆ€æ‰‹)
"[{""cdn"":""upyun"",""filename"":""852bac.jpg"",""url"":""http://bmob-cdn-24905.b0.upaiyun.com/2019/06/04/641ee1634016cbdf8073bc5ff3f2beec.jpg""}]",[],[],æ‰“å¡ç¬¬ä¸€å¤©
"[{""cdn"":""upyun"",""filename"":""165007.jpg"",""url"":""http://bmob-cdn-24905.b0.upaiyun.com/2019/06/04/75391daf40839b7880234dd0eff91813.jpg""}]",[],[],åŸ¹è®­çš„æ—¶å€™è¿˜èƒ½åšè¿åŠ¨ï¼Œä¸€ä¸¾ä¸¤å¾—ï½å¼€å¿ƒğŸ˜„ğŸ˜„æˆ‘çˆ±æ¸¸æ³³ï¼Œèº«ä½“å¥½å¥½
"[{""cdn"":""upyun"",""filename"":""62a155.jpg"",""url"":""http://bmob-cdn-24905.b0.upaiyun.com/2019/06/04/ba00611f40f319c880e63e4a7ff491a9.jpg""}]",[],[],å·²ç»37åº¦äº†ï¼å†ä¸æ¸¸æ³³å°±è¦åŒ–äº†ï¼ï¼
"[{""cdn"":""upyun"",""filename"":""41fbbe.jpg"",""url"":""http://bmob-cdn-24905.b0.upaiyun.com/2019/06/04/f5cc16a5406d6f648004116d8c93c407.jpg""}]",[],[],æ‰“å¡ç¬¬ä¸€å¤©
"[{""cdn"":""upyun"",""filename"":""11c2a5.jpg"",""url"":""http://bmob-cdn-24905.b0.upaiyun.com/2019/06/04/0307235a404e18ab80d41a61d09c07d2.jpg""}]",[],[],ç¾ï¼Œç”±ä½ å†³å®š!å°±æ˜¯è¦ç¾ç¾çš„å»æ¸¸æ³³!
"[{""cdn"":""upyun"",""filename"":""cb8dc0.jpg"",""url"":""http://bmob-cdn-24905.b0.upaiyun.com/2019/06/04/4384fa8d4097e7fa80e5879794cec670.jpg""}]",[],[],æˆ‘æ¥äº†ï½
"[{""cdn"":""upyun"",""filename"":""4b558f.jpg"",""url"":""http://bmob-cdn-24905.b0.upaiyun.com/2019/06/04/d0cc532c40140df28008d90a5ef6b30f.jpg""}]",[],[],å¬è¯´æ¸¸æ³³ğŸŠğŸ»å’Œé¦™è•‰ğŸŒæ›´é…å“¦
"[{""cdn"":""upyun"",""filename"":""4818be.jpg"",""url"":""http://bmob-cdn-24905.b0.upaiyun.com/2019/06/04/665df87f401dad6e804c88ddd3949e9a.jpg""}]",[],[],å—äº¬é›¨èŠ±å°åŒºæ‰“å¡~
"[{""cdn"":""upyun"",""filename"":""efa7ed.jpg"",""url"":""http://bmob-cdn-24905.b0.upaiyun.com/2019/06/04/e11b86914014a75280d6d6e26c4ca731.jpg""}]",[],[],æ¸¸æ³³çš„å¥³å­©æœ€ç¾ï¼
"[{""cdn"":""upyun"",""filename"":""8f9d0e.jpg"",""url"":""http://bmob-cdn-24905.b0.upaiyun.com/2019/06/04/13eb56724041125780122d8a39f48046.jpg""}]",[],[],æˆ‘æ˜¯æ¥çœ‹çƒ­é—¹çš„
"[{""cdn"":""upyun"",""filename"":""ab5003.jpg"",""url"":""http://bmob-cdn-24905.b0.upaiyun.com/2019/06/04/b255a5e3405dd4d0806a31e7fa18ef7e.jpg""}]",[],[],åšæ³³æ± é‡Œæœ€ç¾çš„èƒŒå½±ï½ğŸ˜‰
"[{""cdn"":""upyun"",""filename"":""e9ef1a.jpg"",""url"":""http://bmob-cdn-24905.b0.upaiyun.com/2019/06/04/6034a94c4041f14f8013cc849674ef7d.jpg""}]",[],[],æ¯æ—¥ä¸€æ¸¸ğŸ¬
"[{""cdn"":""upyun"",""filename"":""1aa195.jpg"",""url"":""http://bmob-cdn-24905.b0.upaiyun.com/2019/06/05/c429f557403373e48052681a5e92d20a.jpg""}]",[],[],æ‰“å¡ç¬¬ä¸€å¤©ğŸ‘» 
"[{""cdn"":""upyun"",""filename"":""6827f9.jpg"",""url"":""http://bmob-cdn-24905.b0.upaiyun.com/2019/06/05/544c27bc40b2cecd8097a7d4724a03f8.jpg""}]",[],[],æ‰“å¡ç¬¬äºŒå¤©
[],[],[],
"[{""cdn"":""upyun"",""filename"":""368d7c.jpg"",""url"":""http://bmob-cdn-24905.b0.upaiyun.com/2019/06/05/f3940d1940518ad480e604e563a8fb7c.jpg""}]",[],[],æ¸¸æ³³ğŸŠæ‰“å¡
"[{""cdn"":""upyun"",""filename"":""2c4a82.jpg"",""url"":""http://bmob-cdn-24905.b0.upaiyun.com/2019/06/05/9b75e464402a276b8089085e680871d3.jpg""}]",[],[],ææ•™ç»ƒçš„æ¸¸æ³³å¡ğŸ˜˜
"[{""cdn"":""upyun"",""filename"":""f65004.jpg"",""url"":""http://bmob-cdn-24905.b0.upaiyun.com/2019/06/06/23fe40a740299ae780052376185e870e.jpg""}]",[],[],æ‰“å¡ç¬¬ä¸‰å¤©
"[{""cdn"":""upyun"",""filename"":""b8c9f8.jpg"",""url"":""http://bmob-cdn-24905.b0.upaiyun.com/2019/06/06/30eee21040eff7b2808e5ed1ddde4dfd.jpg""}]",[],[],ç¬¬äºŒå¤©
[],[],[],"åˆ°æ­¤ä¸€æ¸¸
"
[],[],[],
"[{""cdn"":""upyun"",""filename"":""2c6548.jpg"",""url"":""http://bmob-cdn-24905.b0.upaiyun.com/2019/06/07/419009b640ae800e809a3f95b84d03c9.jpg""}]",[],[],æ‰“å¡ç¬¬ä¸€å¤©ğŸ˜Š
"[{""cdn"":""upyun"",""filename"":""ddcb00.jpg"",""url"":""http://bmob-cdn-24905.b0.upaiyun.com/2019/06/07/ddc6e64840a03f4480b907b4115f616d.jpg""}]",[],[],æ‰“å¡ç¬¬å››å¤©
[],[],[],
"[{""cdn"":""upyun"",""filename"":""3f4d7f.jpg"",""url"":""http://bmob-cdn-24905.b0.upaiyun.com/2019/06/08/614627d5402ff86780a10415c9f3bc7c.jpg""}]",[],[],æ‰“å¡âœŒ 
"[{""cdn"":""upyun"",""filename"":""0264f1.jpg"",""url"":""http://bmob-cdn-24905.b0.upaiyun.com/2019/06/08/7f3583d3407be9698035f876c7dd78fd.jpg""}]",[],[],ä»Šæ—¥æœ€ä½³ç¤ºèŒƒğŸ˜‰
"[{""cdn"":""upyun"",""filename"":""3567c9.jpg"",""url"":""http://bmob-cdn-24905.b0.upaiyun.com/2019/06/09/d3c36d6b4040732a80f1f603448f5df0.jpg""}]",[],[],æ‰“å¡ç¬¬äº”å¤©
"[{""cdn"":""upyun"",""filename"":""ab1ffc.jpg"",""url"":""http://bmob-cdn-24905.b0.upaiyun.com/2019/06/09/c58309bb40c89db9803f35bdaa1fbb57.jpg""}]",[],[],æ‰“å¡
"[{""cdn"":""upyun"",""filename"":""0dbc11.jpg"",""url"":""http://bmob-cdn-24905.b0.upaiyun.com/2019/06/10/f8e4fd3040ed2b0180c38336fcf8afd8.jpg""}]",[],[],æ‰“å¡ç¬¬å…­å¤©
"[{""cdn"":""upyun"",""filename"":""2ca9fd.jpg"",""url"":""http://bmob-cdn-24905.b0.upaiyun.com/2019/06/10/33b3ff1c40f3d4f78036aa09da7dd882.jpg""}]",[],[],ç¬¬ä¸€æ¬¡å¡
"[{""cdn"":""upyun"",""filename"":""f0a15c.jpg"",""url"":""http://bmob-cdn-24905.b0.upaiyun.com/2019/06/11/b1d2cfab40ab11a380a5bf1e372a0366.jpg""},{""cdn"":""upyun"",""filename"":""03fd2d.jpg"",""url"":""http://bmob-cdn-24905.b0.upaiyun.com/2019/06/11/d880f0444007e01d80e366d40c0ee9dc.jpg""}]",[],[],æ‰“å¡ç¬¬äºŒå¤©
"[{""cdn"":""upyun"",""filename"":""2e5863.jpg"",""url"":""http://bmob-cdn-24905.b0.upaiyun.com/2019/06/11/d39d0dff40640f0b80ef22e92881e3fd.jpg""}]",[],[],æ‰“å¡
"[{""cdn"":""upyun"",""filename"":""5d2701.jpg"",""url"":""http://bmob-cdn-24905.b0.upaiyun.com/2019/06/11/3f96f3b4407c037f8037c5e968c6f726.jpg""}]",[],[],æ‰“å¡ç¬¬ä¸ƒå¤©
[],[],[],å‡†å¤‡å»æ¸¸æ³³
"[{""cdn"":""upyun"",""filename"":""21c360.jpg"",""url"":""http://bmob-cdn-24905.b0.upaiyun.com/2019/06/11/0073ec0140648eee8037dc16153c4a48.jpg""}]",[],[],äº§å“ä½“éªŒï¼Œä»Šå¹´å¤§éº¦
"[{""cdn"":""upyun"",""filename"":""ae7182.jpg"",""url"":""http://bmob-cdn-24905.b0.upaiyun.com/2019/06/12/746ba82b408368e88030be05733fd0d2.jpg""}]",[],[],æ‰“å¡ç¬¬å…«å¤©
"[{""cdn"":""upyun"",""filename"":""7a1792.jpg"",""url"":""https://bmob-cdn-24905.bmobcloud.com/2019/06/12/db8085ab403d21f08021a55db6ebd220.jpg""}]",[],[],æ‰“å¡
"[{""cdn"":""upyun"",""filename"":""2cf82d.jpg"",""url"":""https://bmob-cdn-24905.bmobcloud.com/2019/06/12/757c260440de28ab80bdbd3ba36d243c.jpg""},{""cdn"":""upyun"",""filename"":""fb2b2d.jpg"",""url"":""https://bmob-cdn-24905.bmobcloud.com/2019/06/12/abe4e90e401cce3680285378d41a77dc.jpg""}]",[],[],éƒ½æ˜¯é•¿è…¿æ¬§å·´
[],[],[],å’Œæ­å·çš„ä¼™ä¼´ä»¬ä¸€èµ·å»æ¸¸æ³³ğŸŠğŸŠâ€â™€ï¸ã€‚ ä¸­åˆçš„å¥½å¤„æ˜¯ è¿˜å¯ä»¥æ‰“æ°´çƒğŸ¤½â€â™‚ï¸ğŸ¤½â€â™€ï¸ğŸ˜€ ä»Šå¤©æ¸¸äº†500ç±³
"[{""cdn"":""upyun"",""filename"":""2c9e89.jpg"",""url"":""https://bmob-cdn-24905.bmobcloud.com/2019/06/12/6450512c4077c4df80cf26e5d25b6236.jpg""}]",[],[],æ¯å¤©éƒ½ç”¨surfçš„å†²æµªæœæ¥æ‰“å¡ï¼Œå¥½ä¸å¥½æ„æ€ï¼ŒçœŸçš„æ˜¯æ³³æ± çš„æ°´å¤ªå†·å•¦ï½ğŸ˜„ğŸ˜„
[],[],[],è¿˜æ˜¯åœ¨æ°´é‡Œè‡ªåœ¨
"[{""cdn"":""upyun"",""filename"":""420273.jpg"",""url"":""https://bmob-cdn-24905.bmobcloud.com/2019/06/13/ec6c928e407dd85a8084add3bf0c7284.jpg""}]",[],[],æ‰“å¡ç¬¬ä¹å¤©
"[{""cdn"":""upyun"",""filename"":""3a3f79.jpg"",""url"":""https://bmob-cdn-24905.bmobcloud.com/2019/06/13/e8fa07b3408da1a080d782f669edac73.jpg""}]",[],[],æ‰“å¡
"[{""cdn"":""upyun"",""filename"":""23339a.jpg"",""url"":""https://bmob-cdn-24905.bmobcloud.com/2019/06/13/86ace58840add11c805db2ce30af9ac3.jpg""}]",[],[],ä½›å±±å­£åæ‰“å¡ğŸ™†ğŸ»â€â™‚ï¸ğŸ˜¬
"[{""cdn"":""upyun"",""filename"":""525d62.jpg"",""url"":""https://bmob-cdn-24905.bmobcloud.com/2019/06/13/ba1f4cb44058b97d80705615561d05cf.jpg""}]",[],[],æ‰“å¡
"[{""cdn"":""upyun"",""filename"":""f06d73.jpg"",""url"":""https://bmob-cdn-24905.bmobcloud.com/2019/06/13/fc31c6db4049568580a79365bb5e496a.jpg""}]",[],[],æ‰“å¡
"[{""cdn"":""upyun"",""filename"":""ef5371.jpg"",""url"":""https://bmob-cdn-24905.bmobcloud.com/2019/06/15/19008cab40d9d74a809a5c88404bdefd.jpg""}]",[],[],æ‰“å¡ç¬¬åå¤©
"[{""cdn"":""upyun"",""filename"":""1c55f2.jpg"",""url"":""https://bmob-cdn-24905.bmobcloud.com/2019/06/15/2bdd85eb40fa621f80c94be1f00a3afd.jpg""}]",[],[],æ‰“å¡
"[{""cdn"":""upyun"",""filename"":""e8263b.jpg"",""url"":""https://bmob-cdn-24905.bmobcloud.com/2019/06/16/6f364c37408e4b16801ba1e835efa4f7.jpg""}]",[],[],æ‰“å¡
"[{""cdn"":""upyun"",""filename"":""1f31c2.jpg"",""url"":""https://bmob-cdn-24905.bmobcloud.com/2019/06/16/31b02d194074ef2b80ebfd7a46334c41.jpg""}]",[],[],æ‰“å¡å¡å¡å¡
"[{""cdn"":""upyun"",""filename"":""33e6c6.jpg"",""url"":""https://bmob-cdn-24905.bmobcloud.com/2019/06/16/713c9c484066f123800bf33042c13e6a.jpg""}]",[],[],ä»Šæ—¥ä»½æ‰“å¡
"[{""cdn"":""upyun"",""filename"":""d134f0.jpg"",""url"":""https://bmob-cdn-24905.bmobcloud.com/2019/06/16/a3024304406b2cf7809b5ae6d4d488ba.jpg""}]",[],[],éœ²ä¸ªè„¸
"[{""cdn"":""upyun"",""filename"":""b2109a.png"",""url"":""https://bmob-cdn-24905.bmobcloud.com/2019/06/17/2f469ed54011f85e8011a557f7936644.png""}]",[],[],å…«å­—æ¿ç»ƒä¹ è›™æ³³æ‰‹åˆ’è‡‚æ‰“å¡
"[{""cdn"":""upyun"",""filename"":""eb73e4.jpg"",""url"":""https://bmob-cdn-24905.bmobcloud.com/2019/06/18/259d323c4061f7e5807d3202b4c94f20.jpg""}]",[],[],æ‰“å¡ç¬¬åä¸€å¤©
"[{""cdn"":""upyun"",""filename"":""8222de.jpg"",""url"":""https://bmob-cdn-24905.bmobcloud.com/2019/06/18/0ea610ac4030a89780d369750b2d4f1a.jpg""}]",[],[],æ‰“å¡ç¬¬ä¸€å¤©
"[{""cdn"":""upyun"",""filename"":""f38167.jpg"",""url"":""https://bmob-cdn-24905.bmobcloud.com/2019/06/18/2a5b419a4006a07e80a84d4cd8c1e90e.jpg""}]",[],[],æˆ‘è¦è¿›ä½“é™¢æ¸¸æ³³æ± ğŸŠğŸ» 
"[{""cdn"":""upyun"",""filename"":""0ccbd6.jpg"",""url"":""https://bmob-cdn-24905.bmobcloud.com/2019/06/18/f9f8549e4017830180ff1af999d14118.jpg""},{""cdn"":""upyun"",""filename"":""2380a4.jpg"",""url"":""https://bmob-cdn-24905.bmobcloud.com/2019/06/18/6131c2aa40cf14f980e3fbdd0bba602c.jpg""}]",[],[],æ‰“å¡ä¸‹ç­
"[{""cdn"":""upyun"",""filename"":""42cf03.jpg"",""url"":""https://bmob-cdn-24905.bmobcloud.com/2019/06/18/014c175840e5136480a1785929384bc8.jpg""},{""cdn"":""upyun"",""filename"":""5cdcc1.jpg"",""url"":""https://bmob-cdn-24905.bmobcloud.com/2019/06/18/ae1ac5c340f3bd5380d649a1897296ef.jpg""}]",[],[],è¡¥æ‰“å¡1000
"[{""cdn"":""upyun"",""filename"":""13c097.jpg"",""url"":""https://bmob-cdn-24905.bmobcloud.com/2019/06/18/5a4322ab4074ec9c8076cd8cca380e1b.jpg""},{""cdn"":""upyun"",""filename"":""687b08.jpg"",""url"":""https://bmob-cdn-24905.bmobcloud.com/2019/06/18/9581112f40d3a3d88089bc285a3418a9.jpg""},{""cdn"":""upyun"",""filename"":""0fe4cc.jpg"",""url"":""https://bmob-cdn-24905.bmobcloud.com/2019/06/18/086df5664058da4180a9d0936906ab86.jpg""}]",[],[],æ‰“å¡2000ï¼Œ
"[{""cdn"":""upyun"",""filename"":""d656e3.jpg"",""url"":""https://bmob-cdn-24905.bmobcloud.com/2019/06/18/1c7bb54740c29751805108c224eff28a.jpg""}]",[],[],ä»Šæ—¥ä»½
"[{""cdn"":""upyun"",""filename"":""e3efef.jpg"",""url"":""https://bmob-cdn-24905.bmobcloud.com/2019/06/18/5c81848540befc3f80f9ad4ff4fe4b38.jpg""}]",[],[],æ¸¸æ³³å¥åº·å¥½èº«ä½“ï¼
"[{""cdn"":""upyun"",""filename"":""e34d36.jpg"",""url"":""https://bmob-cdn-24905.bmobcloud.com/2019/06/18/f1aa11ba40733a1280bce4c3ff4faea5.jpg""}]",[],[],ä¸‹é›¨å¤©æœ€é€‚åˆæ¸¸æ³³å•¦!
"[{""cdn"":""upyun"",""filename"":""50059c.jpg"",""url"":""https://bmob-cdn-24905.bmobcloud.com/2019/06/18/3f68a59c409df80480f9d40283dde50f.jpg""}]",[],[],"ç©¿ä¸Šç¾ç¾çš„å°é»‘è£™æ¸¸æ³³ğŸŠâ€â™€ï¸
æ¸¸æ³³æ°´å¹³éƒ½æé«˜äº†ï¼Œç¥å¥‡ï¼"
"[{""cdn"":""upyun"",""filename"":""3efd87.jpg"",""url"":""https://bmob-cdn-24905.bmobcloud.com/2019/06/18/b9df337640a8f09a801ef95b0420cd06.jpg""}]",[],[],ä»Šå¤©æ¸¸æ³³äº†ã€‚1500ç±³ã€‚æ²¡æ‹ç…§ç‰‡ã€‚æ‹¿å¼ é’“é±¼çš„ç…§ç‰‡æ¥ä»£æ›¿å§ã€‚
[],[],[],ä»Šæ—¥åšæ–°å“æµ‹è¯•ï¼Œåé¦ˆå¾ˆå¤šï¼Œç»™äº†æˆ‘å¾ˆå¤šå¯å‘ï¼Œäº§å“å¼€å‘å¾ˆå¤šæ–°çš„æ³¨æ„ç‚¹åœ¨ç´¯ç§¯
"[{""cdn"":""upyun"",""filename"":""8d9f53.jpg"",""url"":""https://bmob-cdn-24905.bmobcloud.com/2019/06/19/b30a71744075f6cc802e77ff5fe76aef.jpg""}]",[],[],ä»Šå¤©è·Ÿç€å½“åœ°ä¿±ä¹éƒ¨åä¼šå»æµ·æ¸¸ æ‰“å¡ï¼ŒåŸè°…æˆ‘ä»Šå¤©æ²¡æœ‰ç©¿nabaiji ğŸ˜
"[{""cdn"":""upyun"",""filename"":""25e4b3.jpg"",""url"":""https://bmob-cdn-24905.bmobcloud.com/2019/06/19/3c8152f240f9abb28062357a19f35589.jpg""}]",[],[],æ¸¸æ³³ğŸŠğŸ»æ‰“å¡ç¬¬1å¤©
"[{""cdn"":""upyun"",""filename"":""fa5c29.jpg"",""url"":""https://bmob-cdn-24905.bmobcloud.com/2019/06/19/b1ffc78f40a88979800ea91a09abd64b.jpg""}]",[],[],ä¸¤åƒ æ‰“å¡
[],[],[],æ‰“å¡ç¬¬ä¸€å¤©3000
"[{""cdn"":""upyun"",""filename"":""4901c7.jpg"",""url"":""https://bmob-cdn-24905.bmobcloud.com/2019/06/19/5087da24402ec1be8090682b285b3035.jpg""}]",[],[],æ‰“å¡
"[{""cdn"":""upyun"",""filename"":""f7515f.jpg"",""url"":""https://bmob-cdn-24905.bmobcloud.com/2019/06/19/3cfcddf24026431780a66a918fa7ea60.jpg""}]",[],[],å”‰ï¼Œæƒ³å»ä¸‹æ°´
"[{""cdn"":""upyun"",""filename"":""fbdd5c.jpg"",""url"":""https://bmob-cdn-24905.bmobcloud.com/2019/06/20/aad41b8640247b2f801a0e1781cf5144.jpg""}]",[],[],ä»Šæ—¥æ‰“å¡ åœ¨æ³³æ± æ¸¸äº†ä¸€æ•´å¤©!
"[{""cdn"":""upyun"",""filename"":""71235e.jpg"",""url"":""https://bmob-cdn-24905.bmobcloud.com/2019/06/21/712d5c2140b1af1a803e7c56246206dd.jpg""}]",[],[],æ‰“å¡ç¬¬åäºŒå¤©
"[{""cdn"":""upyun"",""filename"":""c4ed53.jpg"",""url"":""https://bmob-cdn-24905.bmobcloud.com/2019/06/21/81d84eea40e807f380ff85c8e712c66d.jpg""}]",[],[],æ‰“å¡
"[{""cdn"":""upyun"",""filename"":""2a7fde.jpg"",""url"":""https://bmob-cdn-24905.bmobcloud.com/2019/06/21/72e5ed92402939718053b61ef3813d9d.jpg""}]",[],[],æ¸¸æ³³å¿«å­¦ä¼šäº†ï¼Œä¸‹æ¬¡å»æµ·è¾¹ç©ï¼Œå¯ä»¥ä¸éœ€è¦æ¸¸æ³³åœˆäº†ğŸ˜€
"[{""cdn"":""upyun"",""filename"":""a1c970.jpg"",""url"":""https://bmob-cdn-24905.bmobcloud.com/2019/06/21/d5e03613407a9ef98088de86b84fcde4.jpg""}]",[],[],âœŒğŸ»
"[{""cdn"":""upyun"",""filename"":""90c6ec.jpg"",""url"":""https://bmob-cdn-24905.bmobcloud.com/2019/06/21/61d942fa40383cc9801c883fe7d1b62c.jpg""}]",[],[],å­£åæ‰“å¡ï½
"[{""cdn"":""upyun"",""filename"":""dc2174.jpg"",""url"":""https://bmob-cdn-24905.bmobcloud.com/2019/06/21/0383b7054012df4280ae086f36d2f26a.jpg""}]",[],[],æ‰“å¡å¡å¡å¡
"[{""cdn"":""upyun"",""filename"":""b94883.jpg"",""url"":""https://bmob-cdn-24905.bmobcloud.com/2019/06/21/ca3aafbd407e6c5680684ffa77faab3a.jpg""}]",[],[],å¡
[],[],[],
"[{""cdn"":""upyun"",""filename"":""dfd9b6.jpg"",""url"":""https://bmob-cdn-24905.bmobcloud.com/2019/06/21/de88f94840f0f2bf808d1a32c3c52383.jpg""}]",[],[],å¡å¡
"[{""cdn"":""upyun"",""filename"":""fadda7.jpg"",""url"":""https://bmob-cdn-24905.bmobcloud.com/2019/06/22/9e7d9b6f40e45de080ceecaf6b9dc1fb.jpg""}]",[],[],æ‰“å¡ç¬¬åä¸‰å¤©
"[{""cdn"":""upyun"",""filename"":""f56e51.jpg"",""url"":""https://bmob-cdn-24905.bmobcloud.com/2019/06/23/19b7179840a0256a80bd0906dab5ec80.jpg""}]",[],[],æ‰“å¼€ç¬¬åå››å¤©
"[{""cdn"":""upyun"",""filename"":""0ad924.jpg"",""url"":""https://bmob-cdn-24905.bmobcloud.com/2019/06/23/ae10c14640f8ecc98043005a39666932.jpg""}]",[],[],ğŸ’ªğŸ»
"[{""cdn"":""upyun"",""filename"":""aa654b.jpg"",""url"":""https://bmob-cdn-24905.bmobcloud.com/2019/06/23/4d7cce6640bd25f480bf99f7f1f0f6db.jpg""}]",[],[],
"[{""cdn"":""upyun"",""filename"":""7efd85.jpg"",""url"":""https://bmob-cdn-24905.bmobcloud.com/2019/06/23/49c44315407f8455801c90b05eb100c8.jpg""},{""cdn"":""upyun"",""filename"":""cf0d42.jpg"",""url"":""https://bmob-cdn-24905.bmobcloud.com/2019/06/23/1a7cf95a4014872b80fe9d68e8130d5b.jpg""}]",[],[],æ‰“å¡âœŒï¸ âœŒï¸ 
"[{""cdn"":""upyun"",""filename"":""258a24.jpg"",""url"":""https://bmob-cdn-24905.bmobcloud.com/2019/06/23/5fae1b6e40aedd6c80778291a305de62.jpg""},{""cdn"":""upyun"",""filename"":""cdac89.jpg"",""url"":""https://bmob-cdn-24905.bmobcloud.com/2019/06/23/6d4b4af8407492078016b93c88c3bfe0.jpg""},{""cdn"":""upyun"",""filename"":""1f6bd2.jpg"",""url"":""https://bmob-cdn-24905.bmobcloud.com/2019/06/23/a2fb852e4006111d80991f926208e930.jpg""}]",[],[],æ‰“å¡â˜
"[{""cdn"":""upyun"",""filename"":""d52a35.jpg"",""url"":""https://bmob-cdn-24905.bmobcloud.com/2019/06/23/31bc9c294070bc28801198d630b8100f.jpg""},{""cdn"":""upyun"",""filename"":""b7fdbd.jpg"",""url"":""https://bmob-cdn-24905.bmobcloud.com/2019/06/23/2a8f9006408e0ea3804fefbe8253611f.jpg""}]",[],[],ğŸ˜‰
"[{""cdn"":""upyun"",""filename"":""3abc49.jpg"",""url"":""https://bmob-cdn-24905.bmobcloud.com/2019/06/24/3e7183a540c3fca880de9de9853170b2.jpg""}]",[],[],æ‰“å¡ç¬¬åäº”å¤©
"[{""cdn"":""upyun"",""filename"":""9c6c69.jpg"",""url"":""https://bmob-cdn-24905.bmobcloud.com/2019/06/24/128c4a6c403a996c80bae6ce1e171c1a.jpg""}]",[],[],ğŸ˜ƒğŸ˜ƒğŸ˜ƒåƒå®Œå°éƒ¡è‚æ‰“å¡
"[{""cdn"":""upyun"",""filename"":""e5e4b3.jpg"",""url"":""https://bmob-cdn-24905.bmobcloud.com/2019/06/25/0ce3fa3240224add8078a0817d52c74b.jpg""}]",[],[],æ˜¨å¤©ä¸‹é›¨äº†â˜”ï¸
"[{""cdn"":""upyun"",""filename"":""da90bb.jpg"",""url"":""https://bmob-cdn-24905.bmobcloud.com/2019/06/25/d06e2bc640ad6f1280556a8af17ca1c0.jpg""}]",[],[],æ‰“å¡ï¼Œè›™æ³³1000è¿›24åˆ†å•¦å•¦å•¦
"[{""cdn"":""upyun"",""filename"":""010c61.jpg"",""url"":""https://bmob-cdn-24905.bmobcloud.com/2019/06/25/5a6f5699406948ce801329e7382410b0.jpg""}]",[],[],1k
[],[],[],æ‰“å¡1k
"[{""cdn"":""upyun"",""filename"":""f5fafc.jpg"",""url"":""https://bmob-cdn-24905.bmobcloud.com/2019/06/26/478ceebf40c3542180e76bc87840b0b9.jpg""}]",[],[],æ‰“å¡
"[{""cdn"":""upyun"",""filename"":""7f62a5.jpg"",""url"":""https://bmob-cdn-24905.bmobcloud.com/2019/06/26/b890d8794062486d80cd56a16fa1e8f0.jpg""}]",[],[],"2025æ‰“å¡
1000ç±³18åˆ†é’Ÿæ‰“å¡
å•ç¨‹å…«æ¬¡åˆ’æ‰‹æ‰“å¡"
[],[],[],"æ‰“å¡3k
ä¸‹ä¸€part
å…¨å®¶æ¡¶ğŸŒğŸŒğŸŒ"
[],[],[],å¼€å¿ƒğŸ˜Š 
"[{""cdn"":""upyun"",""filename"":""5ae68c.jpg"",""url"":""https://bmob-cdn-24905.bmobcloud.com/2019/06/26/28f8d205404342e78030ca494a901035.jpg""}]",[],[],æ¸¸æ¥æ¸¸å»ï¼Œä¸€æ¡é±¼
"[{""cdn"":""upyun"",""filename"":""73335b.jpg"",""url"":""https://bmob-cdn-24905.bmobcloud.com/2019/06/26/d9856cdd40d2966680d573e6cf609f54.jpg""}]",[],[],ä»Šå¤©ç»™å¹¼å„¿å›­å°æœ‹å‹ä¸Šä¸€å ‚è¯¾
"[{""cdn"":""upyun"",""filename"":""8469a9.jpg"",""url"":""https://bmob-cdn-24905.bmobcloud.com/2019/06/27/5da8d56f403eeca380495e8b50697d34.jpg""}]",[],[],æ‰“å¡ç¬¬åå…­å¤©
"[{""cdn"":""upyun"",""filename"":""11a002.jpg"",""url"":""https://bmob-cdn-24905.bmobcloud.com/2019/06/29/cc25cbce402596fb80793f1034416ea5.jpg""}]",[],[],æ³³å¸½æ”¶é›†è€…ğŸ˜„ğŸ˜„
[],[],[],æ‰“ä¸ªç»ƒä¹ å¡ ä¸€åƒ
"[{""cdn"":""upyun"",""filename"":""c555e1.jpg"",""url"":""https://bmob-cdn-24905.bmobcloud.com/2019/06/29/8bef41ca4067552280f7f4b36ebb5b4c.jpg""}]",[],[],æ‰“å¡ç¬¬åä¸ƒå¤©
"[{""cdn"":""upyun"",""filename"":""4c4aca.jpg"",""url"":""https://bmob-cdn-24905.bmobcloud.com/2019/06/30/0bc113a1404869b180afefe450f1fee8.jpg""}]",[],[],æ‰“å¡ç¬¬åå…«å¤©
"[{""cdn"":""upyun"",""filename"":""cf350b.jpg"",""url"":""https://bmob-cdn-24905.bmobcloud.com/2019/06/30/b137abcc4068012a8068921e2572f899.jpg""}]",[],[],æ·±å¤œæ¥ä¸€æ³¢
